{"cameraMode":{"drawMode":0,"name":"Shaded","section":"Shading Mode"},"sceneLighting":true,"audioPlay":false,"sceneViewState":{"showFog":true,"showMaterialUpdate":false,"showSkybox":true,"showFlares":true,"showImageEffects":true,"showParticleSystems":true},"in2DMode":false,"pivot":{"x":-14.807085990905762,"y":1.3585256338119507,"z":-4.78000020980835},"rotation":{"x":0.7007033824920654,"y":0.03951747715473175,"z":-0.03892892599105835,"w":0.7112934589385986},"size":6.366201877593994,"orthographic":true}