{"cameraMode":{"drawMode":0,"name":"Shaded","section":"Shading Mode"},"sceneLighting":false,"audioPlay":false,"sceneViewState":{"showFog":true,"showMaterialUpdate":false,"showSkybox":false,"showFlares":true,"showImageEffects":true,"showParticleSystems":true},"in2DMode":false,"pivot":{"x":-57.80799865722656,"y":1.5499999523162842,"z":-0.13899996876716615},"rotation":{"x":0.7007033824920654,"y":0.03951747715473175,"z":-0.03892892599105835,"w":0.7112934589385986},"size":5.7157673835754398,"orthographic":true}