{"cameraMode":{"drawMode":0,"name":"Shaded","section":"Shading Mode"},"sceneLighting":true,"audioPlay":false,"sceneViewState":{"showFog":false,"showMaterialUpdate":false,"showSkybox":false,"showFlares":false,"showImageEffects":false,"showParticleSystems":false},"in2DMode":false,"pivot":{"x":3.8633205890655519,"y":6.566112995147705,"z":1.8042280673980713},"rotation":{"x":-0.013641804456710816,"y":0.9858992695808411,"z":-0.10180672258138657,"w":-0.13210780918598176},"size":13.572076797485352,"orthographic":false}