{"cameraMode":{"drawMode":0,"name":"Shaded","section":"Shading Mode"},"sceneLighting":false,"audioPlay":false,"sceneViewState":{"showFog":false,"showMaterialUpdate":false,"showSkybox":false,"showFlares":false,"showImageEffects":false,"showParticleSystems":false},"in2DMode":false,"pivot":{"x":1.016714334487915,"y":1.6218525171279908,"z":-5.960464477539063e-8},"rotation":{"x":0.035279229283332828,"y":0.8954488635063171,"z":-0.07214788347482681,"w":0.4378601908683777},"size":6.0247087478637699,"orthographic":false}