{"cameraMode":{"drawMode":0,"name":"Shaded","section":"Shading Mode"},"sceneLighting":false,"audioPlay":false,"sceneViewState":{"showFog":false,"showMaterialUpdate":false,"showSkybox":false,"showFlares":false,"showImageEffects":false,"showParticleSystems":false},"in2DMode":false,"pivot":{"x":-0.8470861911773682,"y":1.3585256338119507,"z":-2.980232238769531e-7},"rotation":{"x":-0.013641804456710816,"y":0.9858992695808411,"z":-0.10180672258138657,"w":-0.13210780918598176},"size":6.366203784942627,"orthographic":false}