{"cameraMode":{"drawMode":0,"name":"Shaded","section":"Shading Mode"},"sceneLighting":true,"audioPlay":false,"sceneViewState":{"showFog":true,"showMaterialUpdate":false,"showSkybox":true,"showFlares":true,"showImageEffects":true,"showParticleSystems":true},"in2DMode":false,"pivot":{"x":-31.8741455078125,"y":-19.459999084472658,"z":-10.212936401367188},"rotation":{"x":0.08260934054851532,"y":0.1281953901052475,"z":-0.010716086253523827,"w":0.9882440567016602},"size":22.0,"orthographic":false}