{"cameraMode":{"drawMode":0,"name":"Shaded","section":"Shading Mode"},"sceneLighting":false,"audioPlay":false,"sceneViewState":{"showFog":true,"showMaterialUpdate":false,"showSkybox":false,"showFlares":true,"showImageEffects":true,"showParticleSystems":true},"in2DMode":false,"pivot":{"x":0.2627145051956177,"y":1.6118525266647339,"z":-0.24000009894371034},"rotation":{"x":0.17367330193519593,"y":0.1718587428331375,"z":-0.030795464292168618,"w":0.9692030549049377},"size":7.126286029815674,"orthographic":false}