{"cameraMode":{"drawMode":0,"name":"Shaded","section":"Shading Mode"},"sceneLighting":false,"audioPlay":false,"sceneViewState":{"showFog":false,"showMaterialUpdate":false,"showSkybox":false,"showFlares":false,"showImageEffects":false,"showParticleSystems":false},"in2DMode":false,"pivot":{"x":-0.8470861911773682,"y":1.3585256338119507,"z":-2.980232238769531e-7},"rotation":{"x":-0.02129097655415535,"y":0.9523512125015259,"z":0.06839148700237274,"w":0.2964770197868347},"size":3.3662025928497316,"orthographic":false}