{"cameraMode":{"drawMode":0,"name":"Shaded","section":"Shading Mode"},"sceneLighting":false,"audioPlay":false,"sceneViewState":{"showFog":true,"showMaterialUpdate":true,"showSkybox":false,"showFlares":true,"showImageEffects":true,"showParticleSystems":true},"in2DMode":false,"pivot":{"x":0.5036461353302002,"y":1.4344640970230103,"z":-5.960464477539063e-8},"rotation":{"x":0.0655512586236,"y":0.716092050075531,"z":-0.06787292659282685,"w":0.6915982961654663},"size":6.0412278175354,"orthographic":false}