{"cameraMode":{"drawMode":0,"name":"Shaded","section":"Shading Mode"},"sceneLighting":true,"audioPlay":false,"sceneViewState":{"showFog":true,"showMaterialUpdate":true,"showSkybox":true,"showFlares":true,"showImageEffects":true,"showParticleSystems":true},"in2DMode":false,"pivot":{"x":0.59779953956604,"y":1.603425145149231,"z":1.7753541469573975},"rotation":{"x":0.044977687299251559,"y":0.9125486612319946,"z":-0.10448360443115235,"w":0.39283037185668948},"size":10.567682266235352,"orthographic":false}