{"cameraMode":{"drawMode":0,"name":"Shaded","section":"Shading Mode"},"sceneLighting":false,"audioPlay":false,"sceneViewState":{"showFog":true,"showMaterialUpdate":true,"showSkybox":false,"showFlares":true,"showImageEffects":true,"showParticleSystems":true},"in2DMode":false,"pivot":{"x":-27.052236557006837,"y":-5.031147003173828,"z":-20.789569854736329},"rotation":{"x":0.017320943996310235,"y":0.7543078064918518,"z":-0.01991691254079342,"w":0.6559900641441345},"size":22.974658966064454,"orthographic":true}