{"cameraMode":{"drawMode":0,"name":"Shaded","section":"Shading Mode"},"sceneLighting":false,"audioPlay":false,"sceneViewState":{"showFog":true,"showMaterialUpdate":false,"showSkybox":false,"showFlares":true,"showImageEffects":true,"showParticleSystems":true},"in2DMode":false,"pivot":{"x":-28.290000915527345,"y":46.619998931884769,"z":-25.5},"rotation":{"x":0.4908502697944641,"y":0.21371185779571534,"z":-0.1255936622619629,"w":0.8352364897727966},"size":1.0802009105682374,"orthographic":false}