{"cameraMode":{"drawMode":0,"name":"Shaded","section":"Shading Mode"},"sceneLighting":true,"audioPlay":false,"sceneViewState":{"showFog":true,"showMaterialUpdate":true,"showSkybox":true,"showFlares":true,"showImageEffects":true,"showParticleSystems":true},"in2DMode":false,"pivot":{"x":-27.042097091674806,"y":-3.6022825241088869,"z":-20.75673484802246},"rotation":{"x":0.10317200422286987,"y":0.45600929856300356,"z":-0.05331961438059807,"w":0.8823649883270264},"size":34.90699005126953,"orthographic":true}