{"cameraMode":{"drawMode":0,"name":"Shaded","section":"Shading Mode"},"sceneLighting":true,"audioPlay":false,"sceneViewState":{"showFog":false,"showMaterialUpdate":false,"showSkybox":false,"showFlares":false,"showImageEffects":false,"showParticleSystems":false},"in2DMode":false,"pivot":{"x":0.24537014961242677,"y":5.5310139656066898,"z":1.0794440507888795},"rotation":{"x":0.13367095589637757,"y":0.30560970306396487,"z":-0.04337916150689125,"w":0.9417321085929871},"size":26.13528060913086,"orthographic":false}