{"cameraMode":{"drawMode":0,"name":"Shaded","section":"Shading Mode"},"sceneLighting":true,"audioPlay":false,"sceneViewState":{"showFog":false,"showMaterialUpdate":false,"showSkybox":false,"showFlares":false,"showImageEffects":false,"showParticleSystems":false},"in2DMode":false,"pivot":{"x":-0.8413031101226807,"y":1.612118124961853,"z":-0.5808413028717041},"rotation":{"x":0.07027947902679444,"y":0.11495062708854675,"z":-0.008153271861374379,"w":0.9908502101898193},"size":7.665300369262695,"orthographic":false}