{"cameraMode":{"drawMode":0,"name":"Shaded","section":"Shading Mode"},"sceneLighting":true,"audioPlay":false,"sceneViewState":{"showFog":false,"showMaterialUpdate":false,"showSkybox":false,"showFlares":false,"showImageEffects":false,"showParticleSystems":false},"in2DMode":false,"pivot":{"x":0.9880573749542236,"y":1.8462231159210206,"z":-1.1920928955078126e-7},"rotation":{"x":-0.4398573040962219,"y":0.13831834495067597,"z":-0.06877102702856064,"w":-0.8846843838691711},"size":7.701457500457764,"orthographic":false}