{"cameraMode":{"drawMode":0,"name":"Shaded","section":"Shading Mode"},"sceneLighting":true,"audioPlay":false,"sceneViewState":{"showFog":true,"showMaterialUpdate":true,"showSkybox":true,"showFlares":true,"showImageEffects":true,"showParticleSystems":true},"in2DMode":false,"pivot":{"x":0.59779953956604,"y":1.603425145149231,"z":1.7753541469573975},"rotation":{"x":0.0655512586236,"y":0.716092050075531,"z":-0.06787292659282685,"w":0.6915982961654663},"size":6.98350715637207,"orthographic":false}