{"cameraMode":{"drawMode":0,"name":"Shaded","section":"Shading Mode"},"sceneLighting":false,"audioPlay":false,"sceneViewState":{"showFog":true,"showMaterialUpdate":false,"showSkybox":false,"showFlares":true,"showImageEffects":true,"showParticleSystems":true},"in2DMode":false,"pivot":{"x":-27.414997100830079,"y":-6.0980424880981449,"z":-8.808858871459961},"rotation":{"x":0.5803655982017517,"y":-0.2682693898677826,"z":0.21053805947303773,"w":0.7395181655883789},"size":17.880210876464845,"orthographic":false}