{"cameraMode":{"drawMode":0,"name":"Shaded","section":"Shading Mode"},"sceneLighting":true,"audioPlay":false,"sceneViewState":{"showFog":true,"showMaterialUpdate":false,"showSkybox":true,"showFlares":true,"showImageEffects":true,"showParticleSystems":true},"in2DMode":false,"pivot":{"x":-19.75155258178711,"y":-5.610417366027832,"z":-8.390304565429688},"rotation":{"x":0.335663765668869,"y":-0.31076934933662417,"z":0.1183605045080185,"w":0.8813340067863464},"size":32.42230987548828,"orthographic":false}