{"cameraMode":{"drawMode":0,"name":"Shaded","section":"Shading Mode"},"sceneLighting":false,"audioPlay":false,"sceneViewState":{"showFog":true,"showMaterialUpdate":false,"showSkybox":false,"showFlares":true,"showImageEffects":true,"showParticleSystems":true},"in2DMode":false,"pivot":{"x":-0.8470858335494995,"y":1.3585256338119507,"z":-1.7881393432617188e-7},"rotation":{"x":-0.34550172090530398,"y":-0.013515559956431389,"z":0.004975952208042145,"w":-0.9383137226104736},"size":6.0681047439575199,"orthographic":false}